y,h,b,e,F,G,H,i,J,l,q,r,s,u,W,z,f3,f1
20,0.210574806580517,-0.40793891044002767,-0.6567814795950973,0.011141027368928113,-0.056223356257840695,-0.011709214453186132,-1.0071687977080621,0.40056132850931897,0.36589179109345094,-0.6801707281175147,-0.9544959772671885,0.2386689346744688,0.09670475688951025,0.35740898568568036,0.23202900499345153,-0.11086363800560656,-0.6269241894290514
40,-0.20279269416341103,-1.3706230268052662,3.8017261651843617,0.38091116589305146,-1.0357851354357448,0.3955740531917772,-1.5488417993690442,-1.6575821028103996,-1.3241908942847533,0.05299232455261729,0.9033381338361118,-0.7832545462884436,0.8815465598337432,-1.2295833991238283,-0.6484982369728169,0.42947001282220015,0.9194279963404774
32,-1.7381576969265722,-1.2929201790632208,-1.5116305109678763,2.2913902149343537,-0.5561437242091204,2.4289422149748057,0.4552473253357136,2.506018401928342,-0.21306301351164142,1.5902534859013082,-4.605313522059894,-0.8755967117237659,-2.495755078516574,-1.8934233509395706,-1.211822060811276,-2.58947077639873,-0.45309378247265186
26,0.6829948074307204,0.8349424206420258,-0.3697916837145298,-1.5988997841215242,0.3749248975837391,-1.5702652766501177,-0.9990066856517923,0.045709012764540126,0.3634549185102893,-0.38622515011843794,0.5360946901097114,0.17710397423891225,0.34715150081780016,0.6512964643541078,0.26435783900637383,-0.6312389131202889,-0.16466529272206665
26,1.0963623081746485,0.8291770040301994,0.4513227437076519,0.8055690593543487,-0.2325621103852762,0.803091795947647,0.25260928115183,0.2527061969489944,0.608051021100892,-0.9849223950766505,0.9830645941798604,0.7382950613657285,1.029679407786481,0.27097149195967224,0.688542513237853,-0.08653537790036914,-0.5950934838156644
28,-0.6161601949073391,0.5657683057239763,-0.4057421320543691,0.6370540222665322,-0.14439273332155844,0.5627548072682645,-0.3438420818014788,0.2527061969489944,0.607158321614715,-0.6035416894640938,0.28219458606789405,0.7744091056238308,-0.4707411301610503,-0.07477848294436014,0.6036515759186615,0.00991236259154985,-0.33945337650386737
39,0.8010998076432713,-1.9384515295355988,4.925803055124878,0.05736229468444319,-1.2332845400584724,0.05042668993709336,0.49669218315359687,-2.0360912396048305,-1.4895575309747375,-0.05681204411514651,0.9033381338361118,-0.5431649161566048,3.005039052689713,-2.004063342908861,-0.7265491282275428,-1.3655758618497047,-0.42822925749415325
21,-0.43900269458851277,-0.05864032839149745,0.18463450240737247,1.182079799361984,-0.5843579248695099,1.1083783903481896,-0.48048546450805213,-1.2790729660159685,-0.3138687030007414,1.8098622232368358,0.22131459548708257,0.0478249426294604,-0.12619667096433543,-0.6763834392773767,-0.05123924302360641,-2.507877782095462,-0.8558990871243314
26,0.15152230647424156,-0.3425545797566641,-0.0805258474770157,-1.622010417779282,-0.2740017176052234,-1.615284497944207,-0.15168959248617775,-0.33280012402989123,0.05707358135521629,-0.6058338874539655,-0.19839219734308905,-0.04451722280586235,0.11705169509037316,-0.23382347140021503,-0.42791963125293814,0.021505041305857862,-0.47298540245545084
32,0.8601523077495468,0.3616837705533934,-0.1412286702468888,0.005122633187220382,-0.14439273332155844,0.029323929955488916,1.4712053277701496,-0.3387143292923041,-0.17242879776469489,0.36447062668891766,0.30860726689285806,-0.32936462062944777,0.7900477829507262,0.7895964543157209,-0.31206232315957066,1.0312342073664493,1.834885715137038
10,-0.9704751955449916,1.8420908702216159,-1.4253582440198458,-1.7452671306206564,5.848479825699336,-1.7203293476304153,0.5381370409714801,0.42421814955897097,1.2084104731043177,0.8216229052269627,0.8508747847323404,1.617641755029946,-0.903840096034987,0.5406564723848173,2.5142596173491367,0.18469102991239478,0.2033296769597141
28,-0.7933176952261654,1.125918662361162,0.059805681162592494,-0.5184776606213523,3.0737895295041393,-0.5041069473572867,-0.8909013640588409,-0.19085919773197946,-0.14234498380422594,-0.22961269374778995,1.0380786755974962,-0.3597663611396526,-0.5862035798534451,-0.6798409390264168,1.1220012852308179,-0.08069366960943349,-1.2221908835602164
22,-0.43900269458851277,0.18044535696864228,-0.49158782528822015,0.4348359777611523,-0.35864431958639253,0.35805803544670295,-0.5044313823583847,-0.711309260824322,0.5775254276500633,0.05299232455261729,-0.14592884823931782,0.7496253999379129,-0.4173433639255698,0.8725764482926888,0.5562003019588285,-0.468052924513752,0.5017039767016991
33,0.3877323068993433,-0.8924516560849861,1.3619972042863782,-0.07359796270951699,-0.6407863261902892,-0.08463097394517467,2.0660707991907787,-0.9005638292215378,-1.874657917787029,0.7118185365591989,0.3262412936946256,-1.4481181374227665,1.1182206457248107,-1.0083034151852477,-1.2321831628777264,0.755841990035274,-0.23428596266186336
26,0.32867980679306785,1.7198169295134107,-0.27397969338675265,0.956028913897042,0.14215774213552423,0.9496387402643436,1.3604911550723031,-0.3387143292923041,1.0583221155206177,-1.5541053844812447,1.397380477507614,1.5661914213659978,0.27056218318743935,0.09809650450765607,1.1421967307834375,0.9970845709121671,1.7709722810074997
12,-1.1476326958638179,1.6328908955314936,-0.4865129860559832,-1.5680856059111805,0.4031390982441288,-1.4502140198658797,0.0804016112939688,0.6134727179561866,1.1766963236021288,-1.5940732054638391,1.2181182284587408,1.5068311565075587,-0.8869348041856251,-0.23382347140021503,1.068621370631162,-0.3048669359072151,-1.5670245015093947
21,-0.02563519384458473,-0.1363431761335429,-0.03231487477076298,0.6043139579180419,-0.5561437242091204,0.5306317170740446,-0.9805867488438442,-1.2790729660159685,-0.24137921842430993,1.1510360112302542,0.011461199071996763,0.010888076455331304,0.10484231764361182,-0.6763834392773767,0.1523717776408969,-2.58947077639873,-1.4576205916040004
26,0.033417306261690705,0.17306052893924564,2.434718988808638,-0.33190744098841257,-0.6954513399697944,-0.3692837585859258,3.228146293017617,-1.6694105133352257,-0.1933251388222612,-2.041980912613965,1.1900043304702599,0.2881922117614341,0.399001996342088,-1.4577783825604897,0.10488713607812576,2.280758819254844,0.2652948007246513
12,-1.0295276956512671,1.3788623548363446,-1.34796694572823,-1.6759352296473833,1.277779318716209,-1.6452973121402665,-0.6177139937272658,1.9382546967366947,1.0447428087090935,-1.0450513621250201,0.22131459548708257,1.0081834631568163,-0.9968192012064778,3.085376287678496,0.6546122952800052,-1.2023898732431677,-1.034923666969522
26,0.5648898072181696,0.7213767200959593,-0.5588294451153618,-1.329275724781018,0.3749248975837391,-1.345169170179672,0.12000447543105736,0.23496358116175528,0.4925768129120578,-0.05681204411514651,0.3262412936946256,0.3433198720224932,0.27107768749567135,1.2044964242005596,0.42045962151582644,-0.7128319074235574,-0.139800767743568
27,-1.2066851959700933,-0.9552116484920227,0.06283836083368255,1.0357124528628525,-0.3304301189260028,0.9733207264659215,-1.007295657215369,-0.14354555563267554,-0.210797717118628,-0.4960295187862017,-0.5656356410694897,-0.19226468750237835,-0.9921232868038774,-0.5657434473080861,-0.3905909441311121,0.9190279786418101,0.2281942019382132
16,-0.02563519384458473,-0.8954402271519879,0.009552548895192836,-1.2676473683603309,-0.3304301189260028,-1.3151563559836124,1.2334896554715225,-0.711309260824322,-0.3138687030007414,0.3824054305559075,-0.5656356410694897,-0.2846068529377011,0.09357212307737041,-0.45510345533879565,0.10486253948584591,0.42947001282220015,-0.4779583074511505
29,0.44678480700561873,-0.34554315082366577,0.18082837298319496,-1.0211339426775818,0.1492112923006215,-1.0900602495131664,0.06474466500721289,0.045709012764540126,0.17656796608667735,-0.2764207814506741,0.011461199071996763,-0.3584805852859593,0.4992991274620582,0.8725764482926888,0.013237580186819505,-0.3048669359072151,-0.5724435023694459
22,0.6829948074307204,0.2043539255046563,0.5982338998346959,0.7737919380749321,-0.49971532288834103,0.7182118057994162,1.9205532984079883,-1.089818397618753,-0.18871107728674652,1.0412316425624903,0.6410213883172545,0.029356509542395853,0.9895525910935558,-0.7870234312466667,0.23042266889562335,-1.3655758618497047,-0.3337440625758583
27,-0.5571076948010636,1.9776079709379513,-1.104420102700127,0.5648332920860394,1.1561055783682783,0.8265393070383185,0.7296086251698237,1.4355472494315913,1.1760231692307546,-0.25397353868939815,1.3105759568886195,1.4053315638972201,-0.526585926866144,1.9997213664798343,1.1115417334035573,-0.4828606032306502,-0.9011882835041521
18,-0.7933176952261654,1.0676261127885478,-0.4047489193563613,0.5828884746311627,-0.122350389055629,0.4865503962235823,-0.8622300983943783,-1.0779899870939271,0.696465922021278,0.4540685671654543,0.7470738293394497,0.9834473993610845,-0.5967610505355312,-0.8527159264784331,1.1640638101015146,0.08827475276151686,-0.4751386160293502
13,-0.9114226954387162,1.5462223345884425,-0.37359781313870777,-1.6836387741999692,0.1209970916402321,-1.5927748872971625,-0.6923147377994557,-0.33280012402989123,1.1302577475453524,-1.0450513621250201,1.2181182284587408,1.451425857246365,-0.7084900568868039,-0.8976634232159573,1.22811667015169,-0.22327394160394662,-0.4928770224382498
26,-0.49805519469478815,-0.02875461772148005,0.36479129515178954,0.11128710655254469,-0.3022159182656131,0.05792989348610807,1.8477945480165932,-0.711309260824322,-0.24874143170160348,0.05299232455261729,0.3262412936946256,-0.04451722280586235,-0.16000725466305935,-1.0083034151852477,0.0030570291535945513,-2.6710637707019984,-0.5973080273479444
20,0.5648898072181696,-0.1356878349009615,-0.8019444854432197,0.4203918317250539,-0.122350389055629,0.4103459851789001,-0.22425075041105388,0.6962715916299682,0.5971441731669008,0.31395635160539065,-0.88556161317877,0.4133185725010783,0.2647289087381033,1.2217839229457614,0.34027217277857524,0.07074834905403261,-0.1160960933206679
23,1.155414808280924,0.751262430765977,1.5649907735758621,-1.760674219725828,-0.753643128831848,-1.7653485689245045,-0.8249382828166824,-1.846836671207615,0.8493609948116809,0.3824054305559075,1.2705815775625122,1.451425857246365,2.073369635213763,-1.2295833991238283,1.6794544326246725,4.1011547564692785,0.44700202174900167
29,0.7420473075369959,-0.9064906947472877,0.1618576517786579,0.215766429546991,-0.034181011991911266,0.11725209654550688,0.3974395853593903,-0.3387143292923041,-0.49109140757282344,-1.2342251693970283,-0.4411849477214944,-0.48655458327968415,0.3535670652567105,0.962471441767737,-0.6786635559291133,-0.17095343593072027,-0.7337324309714188
26,-0.02563519384458473,-0.474113531054684,1.0868131431061383,-0.5004224780762291,-0.7174936842357238,-0.5568638473112975,0.7514439056832884,-1.521555381774901,-0.037468704523016,-0.9008755774794936,0.44808758161828843,0.3651767675747798,0.2168817170295162,-1.4577783825604897,0.2769438756899918,1.89201931131945,0.3220291577614283
31,2.100254809981331,-0.3156574401536484,0.7466729473776307,-0.3124078438396795,-0.4432869215675616,-0.30222387686660546,1.8745034563881178,-0.711309260824322,-0.7765554912737445,1.260840379898018,0.37870464279839716,-0.7832545462884436,2.223638896096981,-0.45510345533879565,-0.45846128435261363,0.42947001282220015,-0.7962242271759344
28,0.5648898072181696,0.751262430765977,-0.5664417039637173,0.08047292834220107,0.2338538942817906,0.07293630058413815,-1.0542664960756367,-0.711309260824322,0.3068225086849523,0.16279669322037987,0.3262412936946256,0.39872517128368645,0.41101593669316766,0.20873649647694653,0.5154780978259278,-0.22327394160394662,0.6260266015941927
21,-0.5571076948010636,0.5181538875398404,-0.2860568363826177,-0.87476659617845,-0.217573316284444,-0.8724673465917351,1.3246683426708659,0.045709012764540126,0.5169287491369526,-0.1666164127829103,0.3262412936946256,0.5095357698060737,-0.4389445701775324,-0.12318347943092456,0.2813254240617487,-0.0600879529974106,-0.9454113770469267
22,0.033417306261690705,1.0023024003941239,-0.7897346301821496,-0.7515098833370758,0.2056396936214009,-0.7299064791604527,-0.521009325485538,0.23496358116175528,0.8901363298859236,0.3824054305559075,0.37870464279839716,0.9712465969826871,-0.032278382912324384,0.5406564723848173,0.9430612412213852,0.10309803560912632,-0.7464951772189367
22,0.2696273066867924,1.277250938558285,-1.056163689874597,-1.2753509129129166,0.9109947101311429,-1.1951050991993746,-0.5099573634007691,1.3704909915450487,0.9586615457745814,-0.4960295187862017,0.4311679919021687,1.0266518962438806,-0.04918367476168635,1.5364164001084308,0.6681863633243055,-0.7128319074235574,-0.10996333776936974
29,1.0963623081746485,0.7089042156274774,-0.5028200498364679,0.20974803536528328,0.18624243066738308,0.20518026313552484,-1.0579334498858177,-0.04300406617165485,0.4253279340615411,0.4021553611504376,0.33675873165216264,0.2719356308174429,0.7567825431348595,0.011659010781647963,0.23972882442631946,1.1724681521828673,4.958145880289754
28,0.44678480700561873,0.8708052734460469,-0.620996225710266,-1.5141607940430795,0.7417095061688046,-1.4802268340619393,0.02698379455091926,0.8027272863534017,0.6494485881282412,-0.1666164127829103,0.37870464279839716,0.3433198720224932,0.2513548470047489,1.8683363760163016,0.6342511932135549,-0.7128319074235574,-0.2641233926360616
10,-1.0885801957575425,1.7853080199485827,-0.9242178698364325,-1.691342318752555,0.2056396936214009,-1.6903165334343557,-0.6223189779292528,-0.5220546924271063,1.3347007470148191,-0.7156382561217294,1.1656548793549693,2.005478849858301,-1.065379551484446,0.20873649647694653,1.8898524873113258,0.18469102991239478,-0.23428596266186336
32,0.8010998076432713,-0.30997518534457663,-0.3704859362074127,0.4805757735421312,-0.16643507758748788,0.457241007360243,-1.202131203366818,-0.04300406617165485,-0.21431743847753024,1.1638554281476428,-0.48758353786681347,-0.5013733825120676,0.6417457162512508,0.5302839731376966,-0.3875837375721667,0.5108440961382461,-0.802977358936938
35,-0.6752126950136145,-0.9731430748940333,0.30516193417300336,0.4194288886559808,-0.3304301189260028,0.44809647803488145,-1.4199022417134075,0.23496358116175528,-1.1282427562890873,-0.2764207814506741,-0.35578224465440367,-1.5589287359451538,-0.5018698231723796,-0.45510345533879565,-1.5647478299630821,-0.22327394160394662,-0.4978499274339495
32,0.32867980679306785,-0.29174887161763435,0.20747127895243936,0.6274245915757997,-0.13293071430327522,0.5381349206230592,1.5245246570371032,-0.33280012402989123,-0.424868226258402,0.16279669322037987,0.06392454817576829,-0.5431649161566048,0.38190126739704433,-0.23382347140021503,-0.4211325972307876,-1.528761850456241,-0.5426060723952476
14,-0.7933176952261654,0.04297108788656203,-0.05642036112388934,0.4656501559714959,-0.6407863261902892,0.35805803544670295,0.4709042716224695,-1.2790729660159685,-0.267430126943965,0.4922097992236713,0.11638789727953981,0.23250927350010592,-0.6624700957413185,-0.7870234312466667,0.21345508384024783,0.5926560014287371,-0.07515300279947139
23,0.8010998076432713,-0.19312602640657656,-0.5359926685702949,-1.2984615465706744,-0.048288112322106114,-1.2926467453365678,1.1644148924417168,0.42421814955897097,0.38214361375265066,0.2726010618881437,-0.5656356410694897,0.10323024189065405,0.5565892831737849,0.7619364563233982,0.0030570291535945513,0.10309803560912632,0.08397995706292058
39,-1.3247901961826443,-1.890634392463571,3.0607996372777455,0.219136730288747,-1.1486419380773036,0.238006778662465,-0.4887744360716288,-1.2790729660159685,-3.3153864237436026,-0.8254426247894932,0.5360946901097114,-1.4296497043357024,-1.2682430536767897,-1.8934233509395706,-1.6970949933950097,-2.2630987991856566,-0.39341892252425487
13,-1.0885801957575425,-0.022777475587476673,0.4612132405642941,0.23454381939391913,-0.10471651364288552,0.2530131857604944,0.2784159319794114,0.42421814955897097,0.40932717046881245,-1.4842688367960755,0.4311679919021687,0.21404084041304136,-0.7873814188504932,-0.12318347943092456,0.19309398177379733,0.2662840242156632,-0.7912513221802348
26,0.5058373071118941,1.3657803783576634,0.3722347200610762,0.13752730518479048,-0.056223356257840695,0.11725209654550688,-0.7799114618994698,-1.0779899870939271,0.5224200989434484,0.08535878963161223,1.326343567997881,0.6557686642626687,0.6185165008898396,-0.7662784327524249,0.51914310315411,0.06331046828837424,-0.34056877840044425
32,-0.3208976943759619,0.3155713584229111,-0.306457954642594,0.25789518881894513,0.3625811847948186,0.20518026313552484,-0.9812917284210124,1.2876921178712666,0.5186322679012081,-1.4207025459246763,0.1385353526948992,0.062349967862101466,-0.13107047013222758,0.7895964543157209,-0.12416250094452608,0.3940110735702296,1.8296293650402278
34,1.5687823090248518,0.6793390899102179,0.05800910677663608,0.5106677444506699,0.3184964962629597,0.545169173950261,-0.5524035775543317,0.5484164600696436,0.31059724372858477,0.014556049332078658,0.6909161329242363,-0.10321730122157012,1.3820429132296523,-0.24765347039637634,-0.06168809839898856,-0.2151403104302689,0.7662311583191659
29,-0.20279269416341103,0.06389108535557438,-0.36344813467423376,-0.5820319031801859,-0.048288112322106114,-0.6248616294742448,-1.2412288546763104,-0.33280012402989123,-0.3008432487409136,1.4804491172335443,-0.14592884823931782,-0.3954174514600884,-0.11023056199549373,0.319376488446237,-0.2378826786327348,-0.0600879529974106,1.1780190561168644
21,-0.02563519384458473,0.6556281566219209,-0.2835194167664992,0.7198671262068306,-0.3022159182656131,0.7557278235444904,-0.4233836604034129,0.6134727179561866,0.7751725379404896,-1.3744644681283116,0.4836313410059399,0.8973728646344289,0.06633581954228729,-0.5657434473080861,0.5562003019588285,-0.3048669359072151,0.9542383313103758
29,0.44678480700561873,0.4860302275123636,0.9061385853059525,0.5347413211775007,-0.38685852024678224,0.46310288513291087,-0.8862735652252697,-1.3737002502145763,0.010017909811534416,0.6985797288523077,0.934638487870972,0.21486838557488927,0.8673718210767474,-1.0255909139304493,0.5596699312440282,0.8983860530225161,-0.7272463044964926
35,-1.7972101970328476,-2.685594296286036,0.8418261829820762,1.5595534824386932,-0.38685852024678224,1.626099435230215,2.1986943442080054,1.1812364231478332,-6.1305835161611055,0.05299232455261729,-1.0378057830034328,-4.384598998266028,-2.3633302923632384,-1.1189434071545379,-4.310103091922803,0.8374349843385425,3.2865307742935563
31,-0.9704751955449916,-1.2331487577231854,0.06918190987397856,0.619721047023214,-0.24578751694483372,0.6581861774072972,0.5666879430237998,0.6134727179561866,-0.6247806329418413,0.05299232455261729,-0.7754890374845753,-1.1895600742038637,-0.809921807982976,-0.3444634633695055,-1.3068405371213778,0.021505041305857862,0.7801866564608845
25,0.7420473075369959,-0.12737746293253785,0.11358675315605331,-1.5757891504637667,0.036354489659062995,-1.5702652766501177,-0.3386519510868514,0.045709012764540126,0.033287969228574646,-0.2764207814506741,0.11638789727953981,-0.3954174514600884,0.6852573378050397,0.09809650450765607,-0.15983178737800835,-0.6312389131202889,-0.7862784171845347
22,-0.08468769395086016,-0.2139508870136153,-0.6839853994255082,0.23984000627382193,-0.2546044546512056,0.20518026313552484,-1.2569667118196457,-0.19085919773197946,0.42239742301473515,1.1035935828311796,-0.7927568317552287,0.2662187006856505,-0.16988059307539102,0.4438464794116885,0.05041751011444611,-0.14919252408825112,-0.47543397069496846
31,1.0963623081746485,-0.6637884214203597,-0.4293642698636988,0.45048380263359256,-0.10030804478969957,0.3517272074522214,-0.964397144466659,-0.3387143292923041,-0.7165723013729647,1.8814442114705792,-0.8861689380839874,-0.8432981871221465,0.77668123119014,0.27097149195967224,-0.465991018937792,0.8671084303577113,2.166873233694751
17,-1.3247901961826443,0.2634456198702245,-0.9358368497295189,0.26993197718236056,-0.056223356257840695,0.1465614854088462,0.20812788511961103,-0.3387143292923041,0.4864557787326236,0.7763643189304454,-0.6369396020568235,0.45179604017505537,-1.211484333236256,-0.16121597667036824,0.8231692496432188,0.43695502105945155,-0.3133112288640308
29,1.33257230859975,-0.5188802727097673,0.9966087795653079,0.13439774021030257,-0.49971532288834103,0.07293630058413815,2.2456651830682732,-1.2790729660159685,-0.8037390479899065,0.8216229052269627,0.37870464279839716,-0.48775961689541075,1.5389745761978204,-0.8976634232159573,0.006450546164669536,0.5110630071254686,-0.8459532771329317
28,0.7420473075369959,0.9193143611577864,0.2896041218934,-0.5666248140750141,-0.122350389055629,-0.5451400917659618,-0.8072530262548696,-0.6344245924129533,0.5530835787560452,-0.1233436257945903,0.9808258343569849,0.7833143027012728,0.8338052270830034,-0.7662784327524249,0.6745460111894368,-0.37626721144794767,-0.5760748922205364
13,-1.7972101970328476,0.2432053493756793,-0.21627779693935803,0.31157926491977783,0.1774254929610112,0.10294911478019697,1.0806041799655532,-0.9005638292215378,0.1001142128224723,-3.131334366812531,0.16885124638331106,0.43566203745781557,-1.660821497734196,-1.1189434071545379,0.05395978431971993,1.0006209729450786,-0.10001752777797002
26,-0.02563519384458473,0.715399577961956,0.46248195037235357,1.6365889279645525,-0.10471651364288552,1.5585706032890811,-0.46390752138089875,-0.9005638292215378,0.08029286938360428,-0.1666164127829103,0.9033381338361118,0.1955724073259768,0.2691993217346312,-0.7870234312466667,0.48832996173732734,0.9190279786418101,-0.10499043277366966
20,-1.6200526967140214,-1.848794397525546,0.07425674910621599,1.0126018192050945,-0.10471651364288552,1.2509392577794716,0.9700845591178642,2.6952729703255573,-0.9039784133807527,-1.4842688367960755,-1.247659179418519,-1.8174867991640575,-1.7556789686667273,0.20873649647694653,-1.7106690614393096,-1.2839828675464362,-0.10996333776936974
33,1.450677308812301,-0.38439457469468824,-0.7465984967081344,-1.390904081201705,0.1209970916402321,-1.337665966630657,-0.9944017014498052,0.42421814955897097,0.7921622608880905,0.9314272738947266,-1.0902691321072044,0.6018779352413965,0.9031477660857054,1.8683363760163016,0.2813254240617487,-2.0183198162758513,-1.3034605367373084
19,0.033417306261690705,-1.2480916130581943,-0.03738971400300042,-1.2060190119396437,-0.35864431958639253,-1.2401243204934638,0.0804016112939688,-0.711309260824322,-0.8020400756951462,1.3706447485657818,-0.9328790847958899,-0.6909123808531212,0.18373367960730108,-0.12318347943092456,-0.45846128435261363,0.2662840242156632,-0.6122267423350438
31,1.450677308812301,0.11265022464491396,-0.21682017423403,0.6250172339031167,-0.16643507758748788,0.46310288513291087,-0.19397068290166902,-1.0779899870939271,-0.3478926392331447,1.469970798838678,0.03797104322382343,-0.28947081938485963,1.0531226054748934,1.048908935493745,0.10912774813999195,1.0268345542233368,2.1782332565349667
18,-0.02563519384458473,-0.15128603146855188,0.24426386338615863,-0.9903197644672384,-0.24578751694483372,-1.0375378246700624,1.7363539303285067,-0.9005638292215378,-0.18191518810770582,-0.05681204411514651,0.16885124638331106,-0.0629856558929269,0.08699784291372961,-0.45510345533879565,0.23720970291777332,1.0006209729450786,-0.4332021624898529
29,0.3877323068993433,-0.34372379254433855,0.5788076839983756,0.23984000627382193,0.07603070933773591,0.15242336318151406,-1.1243009588718453,-0.4865694608526287,-0.8531361030072175,-1.2969846082241179,0.26124000333188324,-0.6826730757973741,0.2576578058170054,0.7031589605897127,-0.7574763681914232,-0.3279433273660157,-0.6822945528329167
32,-1.2657376960763689,-1.1285487703781243,-0.5410675078025319,2.499385917854173,-0.5561437242091204,2.601515896602147,-1.2310978894319389,0.42421814955897097,-0.23005273645924237,1.260840379898018,-1.509975924937376,-0.8386598455496368,-1.201561069159862,-0.6763834392773767,-1.4018590134314792,-0.6312389131202889,-0.24920467764896226
21,-0.7342651951198899,0.9006909841160645,-1.0523575604504192,-1.491050160385322,0.572424302206467,-1.4126980021208055,-0.7531005292656846,1.1812364231478332,0.7174074799186456,-0.2764207814506741,-0.041002150031774764,0.5464726359802029,-0.6972198623205628,0.7619364563233982,0.2406032199288483,-0.8760178960300943,-0.0005594278639750466
33,-1.6200526967140214,-1.1883201917181596,-0.10590004363820109,0.5118714232870116,-0.217573316284444,0.48561249577995563,1.4453189287629262,0.23496358116175528,-1.8219897766494662,0.16279669322037987,-0.9328790847958899,-2.1683870278182837,-1.7087198246407218,-0.3444634633695055,-1.9108865650927378,0.021505041305857862,-0.7067119372533391
33,0.033417306261690705,-1.502120153753343,-0.5347239587622354,0.4040217995508087,-0.3304301189260028,0.3280452212506435,-1.4254282227557917,0.045709012764540126,-1.0863347730183381,1.8098622232368358,-1.8247560195600052,-1.3373075389003792,0.04755216193188514,0.7619364563233982,-1.076081380368274,0.2662840242156632,1.9488193304503243
25,0.44678480700561873,-0.4262345696327129,-0.19470973020235016,-1.2984615465706744,0.0927828909798424,-1.285143541787553,-0.853489184869002,1.1812364231478332,0.5956477987941712,-1.4842688367960755,-0.40824559375817515,0.21404084041304136,0.25323321276578914,1.5364164001084308,-0.0749938621011319,-0.468052924513752,-0.4083376375113542
29,0.09246980636796613,0.1864224991026462,-0.19978456943458714,0.7121635816542449,0.036354489659062995,0.6131669561132083,1.2565145764814576,-0.5220546924271063,-0.30763913791995434,-0.38622515011843794,0.11638789727953981,-0.45082275072128164,0.13020025541765476,0.20873649647694653,-0.18697992346660883,-0.468052924513752,1.332179110983556
13,-1.0295276956512671,0.9096566973170696,-1.301024682830037,-1.3138686356758462,0.3749248975837391,-1.2926467453365678,-0.8765141058789372,1.3704909915450487,0.9507330083990342,0.16279669322037987,-0.40824559375817515,0.9158412977214935,-0.8944482672297858,0.9832164402619792,0.7903529757230076,0.10309803560912632,-0.5077957374253492
27,0.9782573079620976,1.1248338141411958,-0.5626355745395398,0.28076508670943423,0.4595674995649082,0.43309007093685137,0.788648181559575,1.5597455599422645,0.9541309529885543,-0.6058338874539655,0.693484737421026,0.8604359984602998,0.5396839913244229,1.2044964242005596,0.7869594587119323,0.021505041305857862,1.023859001250172
20,-0.08468769395086016,0.8080452810390101,-0.6070404178216141,0.689052947996487,-0.16114491496366493,0.7557278235444904,0.8669329129933545,0.42421814955897097,0.7734735656457294,-0.2764207814506741,0.3262412936946256,0.8419675653732352,-0.2961887723384753,0.7619364563233982,0.7903529757230076,-0.7944249017268259,-0.29893372760596
28,-0.9114226954387162,0.5454521546058929,-0.48742558571004907,0.16160088191162142,-0.10030804478969957,0.09966646322750329,-1.029084118973701,-0.19085919773197946,0.776134958802238,0.27210019050199075,0.19302274564508173,0.8458174064031205,-0.658672646563351,-0.24765347039637634,0.7200185445218044,-0.15173877023259685,-0.7709640601745092
16,-1.5019476965014704,-0.593594549384811,-0.21120295770712058,-0.08900505181468846,-0.9511425334545757,-0.09213417749418938,-0.8479632038266175,-1.2790729660159685,-0.34501652840467656,1.260840379898018,-0.5656356410694897,-0.08145408897999144,-1.6007137933809088,-1.0083034151852477,-0.0749938621011319,2.550887864707178,1.5360682158072454
18,-0.43900269458851277,-0.08852603906151485,-0.4091216877643676,0.35009698768270786,-0.13293071430327522,0.2830259999565539,0.5814238924701584,0.045709012764540126,0.6675709592723491,-0.4960295187862017,-0.30331889555063213,0.583409502154332,-0.3234250758735588,-0.6763834392773767,0.5969225060917293,-0.3048669359072151,0.5862433616285947
18,-0.9704751955449916,-0.09151461012851707,-0.5080810527929907,0.15750837386806046,0.0645686903194527,0.10294911478019697,-0.6435019052583931,0.045709012764540126,0.29832764721115185,-1.5940732054638391,-0.4607089428619467,-0.0260487897187978,-0.9310763995700702,-1.1189434071545379,-0.3600492910314367,0.8374349843385425,0.8696989463834802
32,1.98214980976878,0.34872041115414354,-0.10265937896758175,0.22178482372869873,0.4287082175926069,0.33414157413421786,0.8413384775024134,0.6962715916299682,0.1099056485809075,0.2646018979847856,0.32582700475348053,-0.2327502786046975,1.2532853043354935,1.2217839229457614,0.2174575571622544,0.022397247707009342,-0.18372812173505423
33,2.986042311575462,0.6447877772155407,1.6639493060887813,0.37826307245309976,0.47279290612446573,0.6096498294496074,-0.841254281598282,2.02696777567289,0.32173254631645537,-2.861874506099462,1.2391877011666976,0.05312056625543279,1.5113875863178377,2.777658810013907,0.22049184179918535,1.57971536154444,0.9654409282347498
16,0.15152230647424156,0.09676536709259347,-0.8607823794334688,0.7429777598645885,-0.18935911562405464,0.7857406377405499,0.026062797710521793,0.6134727179561866,0.6947545159885109,0.4922097992236713,-0.7230256883808037,0.4910673367190092,-0.1496762429773382,1.5364164001084308,0.2236356348734728,-0.468052924513752,-0.39341892252425487
18,0.3877323068993433,0.1176853645616058,0.04380771371279317,-0.7977311506525909,0.2056396936214009,-0.8874737536897649,1.3845331372966971,0.42421814955897097,0.10237950921548573,-1.3744644681283116,0.22131459548708257,-0.19226468750237835,0.19782142281510262,0.4300164804155275,-0.0749938621011319,0.18469102991239478,-0.6470370773049422
11,-0.9114226954387162,1.7285251696755493,-1.111986921429205,-1.4140147148594628,-0.02007391166171641,-1.285143541787553,-0.6913937409590584,-0.711309260824322,1.166502489833568,1.260840379898018,0.9558014829398834,1.7099839204652685,-0.8446715745622199,-0.45510345533879565,1.5199591331041447,0.3478770185189317,-0.8857365170985296
34,-1.6791051968202968,-1.681434417773448,0.20747127895243936,0.6428316806809719,-0.4432869215675616,0.7332182128974463,-0.17839850085770256,0.6134727179561866,-2.206523839363504,0.8216229052269627,-0.9853424338996614,-2.611629421907833,-2.059974221955243,-0.45510345533879565,-2.362224327565721,0.755841990035274,1.7946592755836328
30,1.2735198084934747,-0.5297742217479031,-0.15797035720966351,-0.22357634571767343,-0.10030804478969957,-0.22273681426922923,-0.7954201419093226,0.2527061969489944,0.06629374493053682,0.41839535471118355,-0.4514518783769867,-0.4296785287334646,1.0329093542834211,0.876033948041729,-0.35582888346029773,-0.24671900490931165,-0.5745311894873377
41,1.98214980976878,-0.14356463947718534,0.12315682673947327,1.2750038055275519,-0.07826570052377013,1.2661801399884083,0.6436193997475539,0.40056132850931897,0.04918895379955178,0.5552251714189484,0.10175948256912348,-0.3198625637369035,1.8138138467058833,0.4438464794116885,0.12789040195535725,0.0883085694102849,0.34891589924240707
16,0.210574806580517,1.109890958806187,-0.638758163023096,-1.8145990315939295,0.0645686903194527,-1.675310126336326,-0.4390406066901688,2.6952729703255573,1.19538501884449,-2.033290680134894,0.6410213883172545,1.6361101881170106,-0.15718970602149926,2.9747362957092056,1.4656628609269438,-0.468052924513752,-1.5869161214921936
28,-1.561000196607746,-1.2002744759861663,0.42949549536281223,0.29617217581460636,-0.4432869215675616,0.34305162834867287,-0.5873210979941513,-0.14354555563267554,-1.2936093929790715,0.05299232455261729,-0.40824559375817515,-1.5035234366839607,-1.7068414588796812,-1.450863383062409,-1.72424312948361,0.2662840242156632,0.5066768816973987
26,0.8010998076432713,0.23623711193657274,-0.11999759168202952,-0.27172349917133526,-0.034181011991911266,-0.28721746976857576,1.4971375680749375,-0.3387143292923041,0.22454093092106178,0.47647659696865863,0.22031321871982015,0.07310941317556406,0.6871169002222202,-0.07477848294436014,0.2588030631692551,0.31338290583021994,-0.499881947655776
31,0.5648898072181696,0.33314453250927106,0.08299677890824045,-2.3601062802239183,7.68063948108339,-2.262670279157646,0.10794726757634518,-0.04300406617165485,0.4317579863868017,-0.050375312513955016,0.43830476945063435,0.1145973297349799,0.6452143655732595,0.011659010781647963,1.9564128205312923,0.3016084758198986,-0.5691877085585784
37,2.2183598101938817,0.5987684679534048,0.7136517433190555,0.10141694009454409,0.05398836507180648,0.1465614854088462,1.6647388956529494,-0.04300406617165485,-0.09564187484821651,0.03816129458568472,0.9330937666094894,-0.21518584547251526,2.1988016715935683,-0.24765347039637634,-0.30659478322620565,0.7419947498252591,0.5406291219337764
30,0.623942307324445,-0.3897245869464258,0.14163279694411962,0.6731643873567786,-0.056223356257840695,0.586202318358936,-1.2731374453753113,-0.3387143292923041,-0.2538561943044555,-1.3454363023173888,-0.07023262404387058,-0.24708372867118503,0.4830756344928867,0.18453399823366418,-0.6838326852204366,0.021460705864969547,0.5153069408634895
29,1.33257230859975,-0.435200282833718,0.32546129110195177,-0.027376695394001234,-0.4432869215675616,-0.03210854910207041,0.2664429730542451,-0.711309260824322,-0.38579186347891914,1.3706447485657818,0.011461199071996763,-0.5431649161566048,1.476049323202973,-0.45510345533879565,-0.27521136575456023,0.5110630071254686,2.3118413951364056
33,1.2735198084934747,-0.8506116611469615,-0.7948094694143867,-0.027376695394001234,-0.02007391166171641,-0.03961175265108511,0.7085214564450005,1.3704909915450487,0.49993902618935154,0.7118185365591989,-1.6673659722486907,0.14016710806478316,0.7650878826492493,1.0938564322312696,-0.19037344047768381,-0.3048669359072151,-0.6122267423350438
16,-1.442895196395195,0.02205109041754969,-0.3875536210273597,0.47335370052408166,-0.24578751694483372,0.2905292035055686,1.1828348292496653,-1.089818397618753,0.3883731788334377,0.7118185365591989,-0.19839219734308905,0.5464726359802029,-1.304871186017074,-0.45510345533879565,0.3525892812943252,0.6742489957320056,-0.39839182751995494
32,-0.43900269458851277,-1.009005927698054,-0.4357645937336124,2.530200096064516,-0.5561437242091204,2.473961436268895,0.5547149840986336,0.045709012764540126,-0.16379281696359796,1.1510360112302542,-1.1951958303147474,-0.48775961689541075,-0.32812099027615904,0.319376488446237,-1.201641509778051,-0.22327394160394662,0.00938638212742423
28,0.32867980679306785,1.120455754283071,0.39654781445741455,-0.3740362002603667,-0.10030804478969957,-0.3458362474952544,-0.567468819521649,-0.9301348555336025,0.6940785604277707,-0.09285578565770498,1.1632525511139014,0.98688436466328,0.48716493769598124,-0.5934034453004088,0.8809448347541271,-0.25717388731478297,-0.6239837342315697
35,-1.6791051968202968,-2.2044343544987544,1.9189608100243993,1.4362967695973188,-0.41507272090717195,1.5435641961910518,1.9076593426424244,0.6134727179561866,-2.309028501147364,-0.9352469934572569,-0.041002150031774764,-3.5350510762610594,-2.3896274130178017,-0.6763834392773767,-2.9934184916256816,0.3478770185189317,1.5460140257986457
33,1.0963623081746485,-1.0060173566310524,0.33180484014224826,1.135858532046469,-0.5561437242091204,1.1008751867991742,-1.471478064775662,-0.14354555563267554,-0.6836783391601917,0.4922097992236713,-0.35578224465440367,-0.7832545462884436,1.0346333693585215,-0.012543487461634403,-1.4765163876751308,0.3478770185189317,1.953792235446024
18,-0.6752126950136145,-0.497960275240755,-0.35329845620975936,0.4348359777611523,-0.217573316284444,0.37306444254473237,-1.0045326666941767,-0.14354555563267554,0.4687912007854163,0.2726010618881437,-0.6180989901732613,0.39872517128368645,-0.5178359321412217,0.319376488446237,0.01663109719789449,0.021505041305857862,0.31770649186080846
22,-0.1437401940571356,1.1278223852081974,-0.6349520335989179,-1.0827622990982693,-0.38685852024678224,-1.0750538424151366,1.1017871072946932,-0.9005638292215378,0.925814748075886,1.260840379898018,0.6410213883172545,1.3036783925498485,-0.07172406389416919,-0.45510345533879565,1.231510187162765,0.2662840242156632,-0.6271454573221432
34,0.32867980679306785,-1.289931607996219,-0.4522578212383828,1.1050443538361254,-0.217573316284444,1.0708623726031148,-0.595610069557728,0.8027272863534017,-0.07487993353781885,0.3824054305559075,-1.509975924937376,-0.8017229793755077,0.2034565200982235,0.319376488446237,-1.1100165504790245,-1.1207968789398992,-0.7266035572361377
35,0.6829948074307204,0.3659041821021798,-0.16393928954437978,0.14956409354820593,0.583004627454113,0.13483772986351047,-0.1250417722793719,1.583402380991916,0.6302594513776197,-1.2660450080407581,0.29536441091102095,0.17845855771224717,0.47083820103065627,0.7031589605897127,0.17529809598068413,-0.05383017111636322,1.6548143574019014
38,0.5058373071118941,0.3958997161074023,-0.2771655033213437,0.9801024906238729,-0.14439273332155844,1.0082575179910223,-0.6171792267864783,0.5484164600696436,0.20350736892455204,0.02929520387671074,0.2336652244804857,0.1456923767617857,0.4217381207498471,0.35740898568568036,0.28583627999749206,0.3643488732208154,-0.4198024112266638
24,0.8601523077495468,-0.593594549384811,-0.82398979499975,-1.321572180228432,-0.02007391166171641,-1.3226595595326271,-0.3220740079596981,0.42421814955897097,-0.026742385186282712,1.0412316425624903,-1.4575125758336045,-0.3954174514600884,0.39223227908276553,1.31513641616985,-0.3939844611421877,-0.3864599302104835,-0.28401501261886064
26,0.2696273066867924,0.6435452063602165,0.37244744368628374,0.4203918317250539,-0.18847742185341732,0.32827969636154997,0.5682944341503453,-1.0779899870939271,0.24044286525856495,-1.3301092728815733,0.821491300707636,0.31087688892715803,0.374708716137116,-0.9391534202044411,0.29114907540639673,0.5132214408152594,0.06880612280247446
21,0.32867980679306785,0.45838246619980527,2.4911489334591326,-1.8916344771197882,-1.1486419380773036,-1.9379222505518463,-1.1307092338286215,-2.603854944796477,0.24905745066310858,0.7118185365591989,1.3230449266662838,1.322146825636913,0.9904917739740756,-1.7827833589702804,1.3842184526611425,3.856375773559473,-0.14974657773496775
32,-0.3208976943759619,-0.6772745392608599,-0.4941252449043387,2.73049225443175,-0.6407863261902892,2.75908317113146,0.5049811547171735,0.42421814955897097,0.258684960333416,0.7118185365591989,-0.9853424338996614,-0.08145408897999144,-0.21072313021114525,-0.23382347140021503,-0.7503037473050683,-1.4471688561529725,-0.17461110271346636
25,0.8010998076432713,0.19342349763333577,-0.45829751288673254,-0.13931882717376518,-0.16643507758748788,-0.2110130587238935,-0.8250598406413707,-0.3387143292923041,0.11887021909365206,0.7783855158300361,-0.1142379484036709,0.009702954475337753,0.5646408328364608,-0.07477848294436014,-0.09137956457941436,0.13188022644172345,-0.7803260969830691
38,1.2144673083871993,-0.2744629170266088,0.10412728505415596,1.0523232208043658,0.6491316602519013,1.0551525401723651,-0.6009936841082282,0.2527061969489944,0.048432758099394894,0.24617071630483833,-0.012293552464433097,-0.49050614639106654,1.0716389328811786,0.27097149195967224,0.6086790786131897,0.023003602631743676,0.19974892746429238
36,1.155414808280924,0.07136126914168707,-0.08018270657540198,-0.5004224780762291,-0.10030804478969957,-0.49824506958461884,0.5664259649905911,-0.19085919773197946,-0.09156746980946631,0.18726552357009893,0.11578022248958986,-0.3082321150194778,0.946204888359116,-0.24765347039637634,-0.26617683165421774,0.15812853128844204,-0.5691296223446102
22,-1.5019476965014704,-2.40168004492087,-1.019371105440878,0.8354202944956193,-0.3304301189260028,1.0483527619560706,-0.5928470790365358,1.3704909915450487,-0.8535755686362028,2.358884066575655,-4.080680031022179,-1.6328024682934121,-1.61010562218611,-0.12318347943092456,-1.5681413469741572,-0.7128319074235574,0.8895905663662792
40,-1.5019476965014704,-1.9593715270046113,4.097335550462172,0.034251661026685996,-1.0922135367565242,0.07293630058413815,-1.2255719083895544,-1.089818397618753,-3.310289506859323,-2.1430950488026577,0.7459480865247976,-0.9864073102461531,-1.3706139876534817,-1.8934233509395706,-1.4493682515865303,-1.6103548447595095,0.024305097114523586
27,-0.6752126950136145,1.5913479322918576,-1.2217440616454793,0.7875138768092255,0.6711740045178307,1.0258431513090258,0.03319053200152569,3.061953696595162,1.2423307968001183,-1.4154007850731067,0.6995325646372826,1.5532530353549383,-0.8013398011653626,2.1725963539318505,1.0365075211621344,-0.6039774060354636,-0.9618640696321356
17,-0.49805519469478815,0.2581482047106877,-0.7491359163242528,0.4656501559714959,-0.048288112322106114,0.43309007093685137,0.25723300465027105,0.9919818547506174,0.5384490648705809,-0.05681204411514651,-0.35578224465440367,0.4725989036319447,-0.41828254680608973,1.5364164001084308,0.6580058122910801,0.10309803560912632,0.8945634713619789
29,-0.6161601949073391,-0.9910745012960439,0.08567513737874943,0.3732076213404651,-0.4432869215675616,0.41808366383882195,-0.4316726319669895,0.8027272863534017,-0.8733969120750708,0.05299232455261729,-0.5656356410694897,-1.1156863418556056,-0.34033036772292075,-0.3444634633695055,-1.4256136325090047,-0.0600879529974106,0.13370900701991784
28,1.2144673083871993,0.17498913225186968,-0.5033538181129812,0.37826307245309976,-0.056223356257840695,0.3751747185428929,0.7808111548446819,0.10485106538866976,0.45589119075717993,0.9606090849691378,-0.17846542476507682,0.2537198615755033,0.9254333384961453,0.4438464794116885,0.3854780786652541,0.3546682091664694,-0.10992554769611244
29,0.2696273066867924,0.7392420321405908,0.06625921456986451,-0.8855997057055239,-0.012138667725981827,-0.8851290025806978,0.30990436277584543,-0.4865694608526287,0.3753298151947281,0.3929325168867326,0.7417638908447471,0.5565784031428093,0.4266611396064828,-0.3340909641223844,0.5267156279001634,0.3113042885543557,0.3758952910168582
22,-0.3208976943759619,1.5073709107174198,-0.6844317161132297,-1.5064572494904938,-0.24578751694483372,-1.457717223414895,0.8116731025695101,-0.14354555563267554,1.2707061239121884,-0.4960295187862017,1.008264832043655,1.728452353552333,-0.3440870992450011,-0.45510345533879565,1.526746167126295,0.10309803560912632,-0.9702759020254252
21,-0.20279269416341103,0.06687965642257605,0.08567513737874943,0.5195749678395974,-0.3022159182656131,0.45559968158389613,-0.7761254502756199,-1.089818397618753,-0.18701210499198637,0.9314272738947266,0.22131459548708257,-0.0629856558929269,0.039099516007204155,-0.8976634232159573,0.40688555347152616,-0.8760178960300943,-0.5475789773909472
15,-0.6161601949073391,-0.11243460759752888,0.32546129110195177,0.47335370052408166,-0.7254289281714583,0.44059327448586605,-0.7190236461709806,-0.9005638292215378,0.04008385840761494,0.05299232455261729,0.27377794459085414,0.14016710806478316,-0.3929246090320468,-0.8976634232159573,-0.08856793014543245,1.0006209729450786,-1.0299507619738222
20,-1.7972101970328476,1.2623080832232763,-0.8899627050188321,-1.159797744624128,0.7699237068291943,-1.3301627630816422,-0.8157283144127083,0.6134727179561866,1.0549366424776543,-0.2764207814506741,0.588558039213483,1.2298046602015908,-1.3837625479807634,0.319376488446237,1.0211121324761114,-0.6312389131202889,-0.8658448971157306
21,-0.49805519469478815,0.5659710246118684,-0.17060424384922424,0.9047521954688922,-0.217573316284444,0.8757790803287283,0.26460097937345023,0.045709012764540126,0.4127251150583326,-0.6058338874539655,0.4836313410059399,0.4541304705448801,-0.34126955060344066,-0.6763834392773767,0.23042266889562335,-0.3864599302104835,-0.6321183623178428
21,-1.7972101970328476,-3.229514230480355,-0.9254865796444918,0.5966104133654561,-0.49971532288834103,0.8307598590346394,-1.041372540310073,1.9382546967366947,-1.0659471054812166,1.4804491172335443,-4.762703569371208,-2.279197626340671,-2.282560564638509,-2.114703334878151,-2.5013585250197985,-0.3048669359072151,-0.781305512188835
